{
    "code": "200",
    "data": {
        "id": 93,
        "name": "线性表的逻辑特性",
        "content": "<span style=\"font-size:16px;line-height:24px;\">只有一个没有前驱的表头元素，只有一个没有后继的表尾元素，除了表头和表尾元素之外，其他元素只有一个直接前驱，也只有一个直接后继。</span>",
        "channelId": 730,
        "courseId": 5,
        "examRate": 5,
        "videoPath": "http://kdtkvideo.ali.koudaitiku.com/jisuanjishujujiegou%2F7xianxingbiaodejibengainianyushijian(1).mp4",
        "score": 1.04167,
        "favorite": false
    }
}