{
    "code": "200",
    "data": {
        "id": 99,
        "name": "循环链表操作",
        "content": "<span style=\"font-size:16px;line-height:24px;\">循环单链表和循环双链表是由对应的单链表和双链表改造而来，只需在终端结点和头结点间建立关系即可。<span style=\"color:#E53333;\"><u>只需要注意一点不同，如果p指针沿着循环链表遍历，判断p遍历到表尾结点的条件变为p-&gt;next==head</u></span>，其余操作都与非循环链表类似。</span>",
        "channelId": 15036,
        "courseId": 5,
        "examRate": 3,
        "videoPath": "http://kdtkvideo.ali.koudaitiku.com/jisuanjishujujiegou%2F14xunhuanlianbiaodesuanfacaozuo.mp4",
        "score": 0.625,
        "channelPathName": "数据结构 > 线性表 > 线性表的基本操作(2)",
        "favorite": false
    }
}