{
    "code": "200",
    "data": {
        "id": 98,
        "name": "双链表操作",
        "content": "<p style=\"font-size:16px;\">\n\t<strong><span style=\"font-size:16px;\">1. 在双链表L尾部插入值为key的结点</span></strong> \n</p>\n<p style=\"font-size:16px;\">\n\t<img src=\"http://yuntiexamitempig.oss-cn-qingdao.aliyuncs.com/03268EAA15CD33F53F293BD78E598542.png\" width=\"320\" height=\"133\" alt=\"\" title=\"\" align=\"\" /> \n</p>\n<p style=\"font-size:16px;\">\n\t<strong><span style=\"font-size:16px;\">2. 查找双链表L结点值为key的结点，找到返回其地址，否则返回NULL</span></strong> \n</p>\n<p style=\"font-size:16px;\">\n\t<img src=\"http://yuntiexamitempig.oss-cn-qingdao.aliyuncs.com/01B96410D375D9482DBD49E4733D199A.png\" width=\"320\" height=\"168\" alt=\"\" title=\"\" align=\"\" /> \n</p>\n<p style=\"font-size:16px;\">\n\t<strong><span style=\"font-size:16px;\">3. 在双链表中p所指结点之后插入结点s，其中p结点不是最后一个结点</span></strong> \n</p>\n<p style=\"font-size:16px;\">\n\t<img src=\"http://yuntiexamitempig.oss-cn-qingdao.aliyuncs.com/1E0D67141EAF5766A73E880D92654FFF.png\" width=\"330\" height=\"49\" alt=\"\" title=\"\" align=\"\" /> \n</p>\n<p style=\"font-size:16px;\">\n\t<strong><span style=\"font-size:14px;color:#E53333;\">注意：第一行和第二行一定要记住，先写这两句，就不会错。</span></strong> \n</p>\n<p style=\"font-size:16px;\">\n\t<strong><span style=\"font-size:16px;\">4. 在双链表中删除p结点的后继结点</span></strong> \n</p>\n<p style=\"font-size:16px;\">\n\t<img src=\"http://yuntiexamitempig.oss-cn-qingdao.aliyuncs.com/5F88607817AE7DD214FE9DF244A7CE02.png\" width=\"330\" height=\"41\" alt=\"\" title=\"\" align=\"\" /> \n</p>",
        "channelId": 15036,
        "courseId": 5,
        "examRate": 3,
        "videoPath": "http://kdtkvideo.ali.koudaitiku.com/jisuanjishujujiegou%2F13shuanglianbiaodesuanfacaozuo.mp4",
        "score": 0.625,
        "channelPathName": "数据结构 > 线性表 > 线性表的基本操作(2)",
        "favorite": false
    }
}