{
    "code": "200",
    "data": {
        "id": 92,
        "name": "算法",
        "content": "<p>\n\t<span style=\"font-size:16px;\">算法可以理解为</span><strong><u><span style=\"font-size:16px;\">有基本运算及规定的运算顺序所构成的完整的解题步骤</span></u></strong><span style=\"font-size:16px;\">。</span> \n</p>\n<p>\n\t<strong><span style=\"font-size:16px;\">1．算法的特性</span></strong> \n</p>\n<p>\n\t1）有穷性；<br />\n2）确定性；<br />\n3）输入；<br />\n4）输出；<br />\n5）可行性。\n</p>\n<p>\n\t<strong>2．算法的设计目标</strong> \n</p>\n<span style=\"font-size:16px;\"> 1）正确性；</span><br />\n<span style=\"font-size:16px;\"> 2）可读性；</span><br />\n<span style=\"font-size:16px;\"> 3）健壮性；</span><br />\n<span style=\"font-size:16px;\"> 4）高效率与低存储量需求（即更低的时间、空间复杂度）。</span><br />",
        "channelId": 0,
        "courseId": 5,
        "examRate": 2,
        "videoPath": "http://kdtkvideo.ali.koudaitiku.com/jisuanjishujujiegou%2F6suanfadejibengainian.mp4",
        "score": 0.416667,
        "favorite": false
    }
}