{
    "code": "200",
    "data": {
        "id": 100,
        "name": "一元多项式的表示及相加",
        "content": "<p style=\"font-size:16px;\">\n\t<span style=\"line-height:1.5;\">一元多项式相加的运算规则：<span style=\"color:#E53333;\"><u><strong>对于两个一元多项式中所有指数相同的项，对应系数相加，若其和不为零，则构成“和多项式”中的一项；对于两个一元多项式中所有指数不相同的项，则分别复抄到“和多项式”中去。</strong></u></span><br />\n用链式存储结构，实现一元多项式的相加。示意图如下：</span> \n</p>\n<p style=\"font-size:16px;\">\n\t<img src=\"http://yuntiexamitempig.oss-cn-qingdao.aliyuncs.com/395B62F57E36F93B9A676676A26C7BD5.png\" width=\"310\" height=\"132\" alt=\"\" title=\"\" align=\"\" /> \n</p>\n<p style=\"font-size:16px;\">\n\t<span style=\"line-height:1.5;\">方法跟有序链表的合并有类似之处，首先对于结点的第二值域（指数），每个链表都是有序链表。如果两个一元多项式没有指数相同的项，则跟有序链表的合并是一模一样的。<br />\n<span style=\"color:#E53333;\"><u>不同的是这里可能会有指数相同的项，多了一个相加第一值域的操作。若和不为零，则构成新的一个结点。若和为零，则两个结点“同归于尽”。</u></span><br />\n考生根据这个思路和之前给的有序链表合并的代码，不难写出一元多项式的代码，由于不是重点部分，想看代码的考生请看严版教材。</span> \n</p>",
        "channelId": 15036,
        "courseId": 5,
        "examRate": 1,
        "videoPath": "",
        "score": 0.208333,
        "channelPathName": "数据结构 > 线性表 > 线性表的基本操作(2)",
        "favorite": false
    }
}