{
    "code": "200",
    "data": {
        "id": 108,
        "name": "链队的队空情况",
        "content": "<p style=\"font-size:16px;\">\n\t链队有队空的情况：L-&gt;rear==NULL或者L-&gt;front== NULL。\n</p>\n<p style=\"font-size:16px;\">\n\t可以这样记住，因为只要链队为非空，二者值都不应该为NULL，反之为空。\n</p>\n<p style=\"font-size:16px;\">\n\t链队在内存无限制的情况下，无队满的情况。\n</p>\n<p style=\"font-size:16px;\">\n\t<strong>1. 进队（类似在链表尾进行插入操作）</strong> \n</p>\n<p style=\"font-size:16px;\">\n\t<img src=\"http://yuntiexamitempig.oss-cn-qingdao.aliyuncs.com/3206F0D598775FA50B01A619C98149DD.png\" width=\"345\" height=\"28\" alt=\"\" title=\"\" align=\"\" /> \n</p>\n<p style=\"font-size:16px;\">\n\t<strong>2. 出队（类似在链表头进行删除操作）</strong> \n</p>\n<p style=\"font-size:16px;\">\n\t<strong><img src=\"http://yuntiexamitempig.oss-cn-qingdao.aliyuncs.com/09CCBBEDE3B087877C02A1E27C117DF0.png\" width=\"280\" height=\"57\" alt=\"\" title=\"\" align=\"\" /><br />\n</strong> \n</p>\n<p style=\"font-size:16px;\">\n\t<br />\n</p>",
        "channelId": 734,
        "courseId": 5,
        "examRate": 3,
        "videoPath": "http://kdtkvideo.ali.koudaitiku.com/jisuanjishujujiegou%2F19lianzhandejibensuanfacaozuo.mp4",
        "score": 0.625,
        "favorite": false
    }
}