{
    "code": "200",
    "data": {
        "id": 101,
        "name": "栈的定义",
        "content": "<p style=\"font-size:16px;\">\n\t栈是一种<span style=\"color:#E53333;\"><u>只能在一端（栈顶）进行插入或删除操作的线性表</u></span>。插入操作称为入栈，删除操作称为出栈。\n</p>\n<p style=\"font-size:16px;\">\n\t由栈的定义可得出栈的特点就是<strong><span style=\"color:#E53333;\"><u>先进后出</u></span></strong>（First In Last Out，FILO）或<strong><span style=\"color:#E53333;\"><u>后进先出</u></span></strong>。\n</p>",
        "channelId": 732,
        "courseId": 5,
        "examRate": 5,
        "videoPath": "http://kdtkvideo.ali.koudaitiku.com/jisuanjishujujiegou%2F15zhandejibengainian.mp4",
        "score": 1.04167,
        "favorite": false
    }
}