{
    "code": "200",
    "data": {
        "id": 106,
        "name": "链栈的定义",
        "content": "<p style=\"font-size:16px;\">\n\t<strong><span style=\"font-size:18px;\">1. 链栈的定义</span></strong> \n</p>\n<p style=\"font-size:16px;\">\n\t<strong><img src=\"http://yuntiexamitempig.oss-cn-qingdao.aliyuncs.com/E67CB7E9F1DDEE7B7F76081BFC0A855F.png\" width=\"270\" height=\"62\" alt=\"\" title=\"\" align=\"\" /><br />\n</strong> \n</p>\n<p style=\"font-size:16px;\">\n\t<strong><span style=\"font-size:18px;\">2. 链栈的基本操作</span></strong> \n</p>\n<p style=\"font-size:16px;\">\n\t（1）入栈\n</p>\n<p style=\"font-size:16px;\">\n\t<img src=\"http://yuntiexamitempig.oss-cn-qingdao.aliyuncs.com/B40903111C8985FC06233A7AEA099426.png\" width=\"130\" height=\"30\" alt=\"\" title=\"\" align=\"\" /> \n</p>\n<p style=\"font-size:16px;\">\n\t（2）出栈\n</p>\n<p style=\"font-size:16px;\">\n\t<img src=\"http://yuntiexamitempig.oss-cn-qingdao.aliyuncs.com/7FDDA5961F623A82F98AD8A1A54D51D5.png\" width=\"330\" height=\"53\" alt=\"\" title=\"\" align=\"\" /> \n</p>",
        "channelId": 734,
        "courseId": 5,
        "examRate": 4,
        "score": 0.833333,
        "favorite": false
    }
}