{
    "code": "200",
    "data": {
        "id": 107,
        "name": "链队的定义",
        "content": "<p style=\"font-size:16px;\">\n\t<strong><span style=\"font-size:18px;\">1. 队结点类型定义</span></strong> \n</p>\n<p style=\"font-size:16px;\">\n\t<img src=\"http://yuntiexamitempig.oss-cn-qingdao.aliyuncs.com/3B363F7937B1F95EB70FC8F952115276.png\" width=\"200\" height=\"76\" alt=\"\" title=\"\" align=\"\" /> \n</p>\n<p style=\"font-size:16px;\">\n\t<strong>2. 链队类型定义</strong> \n</p>\n<div>\n\t<img src=\"http://yuntiexamitempig.oss-cn-qingdao.aliyuncs.com/D2F3463CE7D9AFA2634EFAD952154C9F.png\" width=\"270\" height=\"71\" alt=\"\" title=\"\" align=\"\" /><br />\n</div>",
        "channelId": 734,
        "courseId": 5,
        "examRate": 4,
        "score": 0.833333,
        "favorite": false
    }
}