{
    "code": "200",
    "data": {
        "id": 104,
        "name": "顺序队的定义",
        "content": "<p>\n\t<span style=\"font-size:14px;\"><strong>1. &nbsp;顺序队的定义</strong></span> \n</p>\n<p>\n\t<span style=\"font-size:14px;\"><strong><img src=\"http://yuntiexamitempig.oss-cn-qingdao.aliyuncs.com/1D74C5110FF61D46264C806E224DEA1C.png\" width=\"300\" height=\"87\" alt=\"\" title=\"\" align=\"\" /><br />\n</strong></span> \n</p>",
        "channelId": 733,
        "courseId": 5,
        "examRate": 3,
        "videoPath": "http://kdtkvideo.ali.koudaitiku.com/jisuanjishujujiegou%2F17zhanheduiliesuoshejideshujujiegoudingyi.mp4",
        "score": 0.625,
        "favorite": false
    }
}