{
    "code": "200",
    "data": {
        "id": 116,
        "name": "二叉树的存储结构",
        "content": "<p style=\"font-size:16px;\">\n\t<span style=\"line-height:1.5;\"><strong>1. 顺序存储结构</strong></span> \n</p>\n<p style=\"font-size:16px;\">\n\t<span style=\"line-height:1.5;\">用一个数组来存储一棵二叉树，适合于完全二叉树的存储。用于存储一般二叉树则会浪费大量存储空间。将完全二叉树中的结点值按编号一次存入一个一维数组中，即完成了对一棵完全二叉树的顺序存储。</span> \n</p>\n<p style=\"font-size:16px;\">\n\t<span style=\"line-height:1.5;\"><strong>2. 链式存储结构</strong></span> \n</p>\n<p style=\"font-size:16px;\">\n\t<img src=\"http://yuntiexamitempig.oss-cn-qingdao.aliyuncs.com/BEFD7EF20BBECAF465B5B19292AE6ACC.png\" width=\"340\" height=\"107\" alt=\"\" title=\"\" align=\"\" /> \n</p>",
        "channelId": 15007,
        "courseId": 5,
        "examRate": 2,
        "videoPath": "http://kdtkvideo.ali.koudaitiku.com/jisuanjishujujiegou%2F29erchashudechucunjiegou.mp4",
        "score": 0.416667,
        "channelPathName": "数据结构 > 树与二叉树 > 二叉树(1)",
        "favorite": false
    }
}