{
    "code": "200",
    "data": {
        "id": 129,
        "name": "最小（代价）生成树",
        "content": "<p style=\"font-size:16px;\">\n\t<span style=\"line-height:1.5;\">最小生成树是<span style=\"color:#E53333;\">一个有n个结点的连通图的生成树是原图的极小连通子图，且包含原图中的所有n个结点，并且有保持图连通的最少的边。</span></span> \n</p>\n<p style=\"font-size:16px;\">\n\t<span style=\"line-height:1.5;\">最小生成树的总结：</span> \n</p>\n<p style=\"font-size:16px;\">\n\t<span style=\"line-height:1.5;\">性质1：使用不同的遍历图的方法，可以得到不同的生成树；从不同的顶点出发，也可能得到不同的生成树。</span> \n</p>\n<p style=\"font-size:16px;\">\n\t<span style=\"line-height:1.5;\">性质2：按照生成树的定义，n个顶点的连通网络的生成树有n个顶点、n-1条边。</span> \n</p>\n<p style=\"font-size:16px;\">\n\t<span style=\"line-height:1.5;\">性质3：构造最小生成树的准则：</span> \n</p>\n<p style=\"font-size:16px;\">\n\t<span style=\"line-height:1.5;\">①必须使用且仅使用该网络中的n-1条边来连接网络中的n个顶点；</span> \n</p>\n<p style=\"font-size:16px;\">\n\t<span style=\"line-height:1.5;\">②不能使用产生回路的边；</span> \n</p>\n<p style=\"font-size:16px;\">\n\t<span style=\"line-height:1.5;\">③各边上的权值的总和达到最小。</span> \n</p>\n<p style=\"font-size:16px;\">\n\t<span style=\"line-height:1.5;\"><strong>2. 普里姆算法</strong></span> \n</p>\n<p style=\"font-size:16px;\">\n\t<span style=\"line-height:1.5;\">从连通网络N={V，E}中的某一顶点u出发，选择与它关联的具有最小权值的边（u，v），将其顶点加入到生成树顶点集合U中。以后每一步从一个顶点在U中，而另一个顶点不在U中的各条边中选择权值最小的边（u，v），把它的顶点加入到集合U中。如此继续下去，直到网络中的所有顶点都加入到生成树顶点集合U中为止（读者可以用下图所示的例子实践一下，明白过程即可，一般考研试卷不直接考查代码实现）。</span> \n</p>\n<p style=\"font-size:16px;\">\n\t<img src=\"http://yuntiexamitempig.oss-cn-qingdao.aliyuncs.com/D43193B0360B43E38FBD1456AE03CDF3.png\" width=\"356\" height=\"223\" alt=\"\" title=\"\" align=\"\" /> \n</p>\n<p style=\"font-size:16px;\">\n\t<span style=\"line-height:1.5;color:#E53333;\">总结：</span> \n</p>\n<p style=\"font-size:16px;\">\n\t<span style=\"line-height:1.5;\">（1）普里姆算法的复杂度为O(n<sup>2</sup>)。</span> \n</p>\n<p style=\"font-size:16px;\">\n\t<span style=\"line-height:1.5;\">（2）<span style=\"color:#E53333;\"><u>普里姆算法适用于稠密图</u></span>。</span> \n</p>\n<p style=\"font-size:16px;\">\n\t<span style=\"line-height:1.5;\"><br />\n</span> \n</p>\n<p style=\"font-size:16px;\">\n\t<span style=\"line-height:1.5;\"><strong>2. 克鲁斯卡尔算法</strong></span> \n</p>\n<p style=\"font-size:16px;\">\n\t<span style=\"line-height:1.5;\">将下图中边按权值从小到大排序，然后从最小边开始扫描，并检测当前边是否为候选边（即是否该边的并入会构成回路），如不构成回路，则将该边并入当前生成树中，直到所有边都被检测完为止。（读者可以用如下图所示的例子实践一下，明白过程即可，一般考研试卷不直接考查代码实现）</span> \n</p>\n<p style=\"font-size:16px;\">\n\t<span style=\"line-height:1.5;\"><img src=\"http://yuntiexamitempig.oss-cn-qingdao.aliyuncs.com/07BF7741A39C5FE66EBE18C782A6EC16.png\" width=\"356\" height=\"249\" alt=\"\" title=\"\" align=\"\" /><br />\n&nbsp;</span> \n</p>\n<p style=\"font-size:16px;\">\n\t<span style=\"line-height:1.5;color:#E53333;\">总结：</span> \n</p>\n<p style=\"font-size:16px;\">\n\t<span style=\"line-height:1.5;\">（1）复杂度取决于排序算法。</span> \n</p>\n<p style=\"font-size:16px;\">\n\t<span style=\"line-height:1.5;\">（2）克鲁斯卡尔算法适用于稀疏图。</span> \n</p>",
        "channelId": 744,
        "courseId": 5,
        "examRate": 3,
        "videoPath": "http://kdtkvideo.ali.koudaitiku.com/jisuanjishujujiegou%2F42pulimusuanfa.mp4",
        "score": 0.625,
        "favorite": false
    }
}