{
    "code": "200",
    "data": {
        "id": 120,
        "name": "树的存储结构",
        "content": "<p style=\"font-size:16px;\">\n\t<span style=\"line-height:1.5;\"><strong>1. 双亲表示法</strong></span><span style=\"line-height:1.5;\"></span> \n</p>\n<p style=\"font-size:16px;\">\n\t<img src=\"http://yuntiexamitempig.oss-cn-qingdao.aliyuncs.com/4836DA8387A9B72CC5286F7A0ADCE5C4.png\" width=\"356\" height=\"146\" alt=\"\" title=\"\" align=\"\" /> \n</p>\n<p style=\"font-size:16px;\">\n\t<span style=\"line-height:1.5;\">下图为一棵树及双亲表示法的存储结构。<br />\n</span> \n</p>\n<p style=\"font-size:16px;\">\n\t<img src=\"http://yuntiexamitempig.oss-cn-qingdao.aliyuncs.com/07F6C48018B2828EBF2C3AE203EC4184.png\" width=\"351\" height=\"184\" alt=\"\" title=\"\" align=\"\" /> \n</p>\n<p style=\"font-size:16px;\">\n\t<span style=\"line-height:1.5;\"><strong>2. 孩子表示法</strong></span> \n</p>\n<p style=\"font-size:16px;\">\n\t<span style=\"line-height:1.5;\">1）假设d为树的度，采用d叉链表的存储结构，但由于很多结点的度小于d，造成很大的浪费。</span> \n</p>\n<p style=\"font-size:16px;\">\n\t<span style=\"line-height:1.5;\">2）把每个结点的孩子结点排列起来，看成一个线性表，且以单链表做存储结构，则n个结点有n个孩子链表。如下图所示的例子。</span> \n</p>\n<p style=\"font-size:16px;\">\n\t<img src=\"http://yuntiexamitempig.oss-cn-qingdao.aliyuncs.com/899A3EB24E8B87B9EC2551F99D4AF3C4.png\" width=\"356\" height=\"168\" alt=\"\" title=\"\" align=\"\" /> \n</p>\n<p style=\"font-size:16px;\">\n\t<span style=\"line-height:1.5;\"><strong>3. 孩子兄弟表示法</strong></span> \n</p>\n<p style=\"font-size:16px;\">\n\t<span style=\"line-height:1.5;\">&nbsp; &nbsp; &nbsp; 孩子兄弟表示法又称二叉链表表示法，其实就是把树转换为二叉树，进行存储，如下图所示。</span> \n</p>\n<p style=\"font-size:16px;\">\n\t<img src=\"http://yuntiexamitempig.oss-cn-qingdao.aliyuncs.com/5658702D90DC100F532749204A4F84F3.png\" width=\"356\" height=\"206\" alt=\"\" title=\"\" align=\"\" /> \n</p>\n<div>\n\t<br />\n</div>",
        "channelId": 739,
        "courseId": 5,
        "examRate": 3,
        "videoPath": "http://kdtkvideo.ali.koudaitiku.com/jisuanjishujujiegou%2F32haizixiongdichucunjiegou.mp4",
        "score": 0.625,
        "favorite": false
    }
}