{
    "code": "200",
    "data": {
        "id": 125,
        "name": "赫夫曼树和赫夫曼编码",
        "content": "<p style=\"font-size:16px;\">\n\t<span style=\"line-height:1.5;\"><strong>1. 赫夫曼树</strong></span> \n</p>\n<p style=\"font-size:16px;\">\n\t<span style=\"line-height:1.5;\"><span style=\"color:#E53333;\">赫夫曼树又称最优二叉树，是一种带权路径长度最短的二叉树</span>。所谓树的带权路径长度，就是树中所有的叶结点的权值乘上其到根结点的路径长度（路径长度即路径上的分支数）。树的带权路径长度记为：</span> \n</p>\n<p style=\"font-size:16px;\">\n\t<img src=\"http://yuntiexamitempig.oss-cn-qingdao.aliyuncs.com/55D22CD2B0D12A01E2475DA33D5F35E2.png\" width=\"356\" height=\"66\" alt=\"\" title=\"\" align=\"\" /> \n</p>\n<p style=\"font-size:16px;\">\n\t<span style=\"line-height:1.5;\"><strong>2. 构造赫夫曼树的方法</strong></span> \n</p>\n<p style=\"font-size:16px;\">\n\t<span style=\"line-height:1.5;\"><span style=\"color:#E53333;\">第一步：</span>将给定的n个权值分别看成只有根的n棵二叉树，这些二叉树构成的集合记为F。</span> \n</p>\n<p style=\"font-size:16px;\">\n\t<span style=\"line-height:1.5;\"><span style=\"color:#E53333;\">第二步：</span>从F中选出两棵根结点的权值最小的树（假设a和b）作为左右子树构造一棵新的二叉树（假设为c），新的二叉树的根结点的权值为左右子树根结点权值之和。</span> \n</p>\n<p style=\"font-size:16px;\">\n\t<span style=\"line-height:1.5;\"><span style=\"color:#E53333;\">第三步：</span>从F中删除a和b，加入c。</span> \n</p>\n<p style=\"font-size:16px;\">\n\t<span style=\"line-height:1.5;\"><span style=\"color:#E53333;\">第四步：</span>重复第二步和第三步，直到F中只剩下一棵树为止，这棵树便是要遍历的赫夫曼树。</span> \n</p>\n<p style=\"font-size:16px;\">\n\t<span style=\"line-height:1.5;\"><strong>3. 对赫夫曼树的性质总结</strong></span> \n</p>\n<p style=\"font-size:16px;\">\n\t<span style=\"line-height:1.5;\"><span style=\"color:#E53333;\">性质1：</span>用n个权值的赫夫曼树，需要n-1次合并。</span> \n</p>\n<p style=\"font-size:16px;\">\n\t<span style=\"line-height:1.5;\"><span style=\"color:#E53333;\">性质2：</span>赫夫曼树中只有度为0和2的结点。</span> \n</p>\n<p style=\"font-size:16px;\">\n\t<span style=\"line-height:1.5;\"><span style=\"color:#E53333;\">性质3：</span>n个权值对应的赫夫曼树不唯一。</span> \n</p>\n<p style=\"font-size:16px;\">\n\t<span style=\"line-height:1.5;\"><span style=\"color:#E53333;\">性质4：</span><span style=\"font-size:16px;line-height:24px;\">深度为h的赫夫曼树，最大编码长度为h-1。</span></span> \n</p>\n<p style=\"font-size:16px;\">\n\t<span style=\"line-height:1.5;\"><span style=\"color:#E53333;\">性质5：</span><span style=\"font-size:16px;line-height:24px;\">赫夫曼编码是能使电文代码总长最短的编码方式。</span></span> \n</p>\n<p style=\"font-size:16px;\">\n\t<span style=\"line-height:1.5;\"><span style=\"font-size:16px;line-height:24px;\"><span style=\"color:#E53333;\">性质6：</span>赫夫曼是一种前缀编码（就是任一字符的编码，都不是另一个字符编码的前缀）。</span></span> \n</p>\n<p style=\"font-size:16px;\">\n\t<span style=\"line-height:1.5;\"><strong>4. 赫夫曼编码</strong></span> \n</p>\n<p style=\"font-size:16px;\">\n\t<span style=\"line-height:1.5;\">根据给定字符值求赫夫曼编码的过程，实质就是根据给定权值构造赫夫曼树的过程。以a、b、c、d的出现频率为0.4、0.3、0.1、0.2为例，求赫夫曼编码过程如下：</span> \n</p>\n<p style=\"font-size:16px;\">\n\t<span style=\"line-height:1.5;\"><span style=\"color:#E53333;\">第一步：</span>根据权值构造赫夫曼树。</span> \n</p>\n<p style=\"font-size:16px;\">\n\t<span style=\"line-height:1.5;\"><span style=\"color:#E53333;\">第二步：</span>对构造好的赫夫曼树，约定左分支为0，右分支为1。</span> \n</p>\n<p style=\"font-size:16px;\">\n\t<span style=\"line-height:1.5;\"><span style=\"color:#E53333;\">第三步：</span>从根结点到叶子结点的分支上的编码组成该叶子结点的赫夫曼编码，A为0，B为10，C为110，D为111，如下图所示。</span> \n</p>\n<p style=\"font-size:16px;\">\n\t<span style=\"line-height:1.5;\"><img width=\"200\" height=\"200\" style=\"width:201px;height:200px;\" alt=\"\" src=\"http://yuntiexamitempig.oss-cn-qingdao.aliyuncs.com/bb7b22b1f9410526bd709b8b58bf6702.peg?\" /></span> \n</p>",
        "channelId": 15006,
        "courseId": 5,
        "examRate": 3,
        "videoPath": "http://kdtkvideo.ali.koudaitiku.com/jisuanjishujujiegou%2F35hefumanshuhehefumanbianma.mp4",
        "score": 0.625,
        "channelPathName": "数据结构 > 树与二叉树 > 树与二叉树的应用(2)",
        "favorite": false
    }
}