{
    "code": "200",
    "data": {
        "id": 137,
        "name": "B-树",
        "content": "<p style=\"font-size:16px;\">\n\t<span style=\"line-height:1.5;\">一棵m阶B树是一棵平衡的m叉查找树，深度为m。它或者是空树，或者是满足下列性质的树：</span> \n</p>\n<p style=\"font-size:16px;\">\n\t<img src=\"http://yuntiexamitempig.oss-cn-qingdao.aliyuncs.com/8B9FFB1654B52E5281DEEC31E5542D98.png\" width=\"356\" height=\"97\" alt=\"\" title=\"\" align=\"\" /> \n</p>\n<p style=\"font-size:16px;\">\n\t<span style=\"line-height:1.5;\"><br />\n</span> \n</p>\n<p style=\"font-size:16px;\">\n\t<span style=\"line-height:1.5;\"><strong>1. B-树的查找</strong></span> \n</p>\n<p style=\"font-size:16px;\">\n\t<img src=\"http://yuntiexamitempig.oss-cn-qingdao.aliyuncs.com/C68BFA227408F8456869E5A3ECA063AA.png\" width=\"356\" height=\"134\" alt=\"\" title=\"\" align=\"\" /> \n</p>\n<p style=\"font-size:16px;\">\n\t<span style=\"line-height:1.5;\"><img /></span> \n</p>\n<p style=\"font-size:16px;\">\n\t<span style=\"line-height:1.5;\"> </span> \n</p>\n<p style=\"font-size:16px;\">\n\t<span style=\"line-height:1.5;\"><strong>2. B-树的插入</strong></span> \n</p>\n<p style=\"font-size:16px;\">\n\t<span style=\"line-height:1.5;\">对于关键字的插入，需要找到插入位置。在B-树的查找过程中，当遇到空指针则证明查找不成功，同时也找到了插入位置，即根据空指针可以确定在叶结点中的插入位置。B-树的插入总是发生在叶子结点上。在插入过程中有可能破坏B-树的特性，比如新关键字插入使得结点中关键字的个数超出规定个数，这时要进行结点的拆分。</span> \n</p>\n<p style=\"font-size:16px;\">\n\t<span style=\"line-height:1.5;\"><strong>3. B-树的删除</strong></span> \n</p>\n<p style=\"font-size:16px;\">\n\t<span style=\"line-height:1.5;\"><strong><img src=\"http://yuntiexamitempig.oss-cn-qingdao.aliyuncs.com/61618BE80845AD4A7A536F8ADE89229F.png\" width=\"356\" height=\"158\" alt=\"\" title=\"\" align=\"\" /><br />\n</strong></span> \n</p>",
        "channelId": 335,
        "courseId": 5,
        "examRate": 2,
        "videoPath": "http://kdtkvideo.ali.koudaitiku.com/jisuanjishujujiegou%2FB-.mp4",
        "score": 0.416667,
        "favorite": false
    }
}