{
    "code": "200",
    "data": {
        "id": 138,
        "name": "B+树",
        "content": "<p style=\"font-size:16px;\">\n\t<span style=\"line-height:1.5;\"><span style=\"color:#E53333;\">B+树是应文件系统所需而出的一种B-树的变型树。</span>一棵m阶的B+树和m阶的B-树的差异在于：</span> \n</p>\n<p style=\"font-size:16px;\">\n\t<span style=\"line-height:1.5;\">1. 有n棵子树的结点中含有n个关键字。</span> \n</p>\n<p style=\"font-size:16px;\">\n\t<span style=\"line-height:1.5;\">2. 所有的叶子结点中包含了全部关键字的信息，及指向含这些关键字记录的指针，且叶子结点本身依关键字的大小自小而大顺序链接。</span> \n</p>\n<p style=\"font-size:16px;\">\n\t<span style=\"line-height:1.5;\">3. 所有的非终端结点可以看成是索引部分，<span style=\"color:#E53333;\">结点中仅含其子树（根结点）中的最大（或最小）关键字。</span></span> \n</p>",
        "channelId": 335,
        "courseId": 5,
        "examRate": 2,
        "videoPath": "http://kdtkvideo.ali.koudaitiku.com/jisuanjishujujiegou%2F74B%2Bshudejibengainian.mp4",
        "score": 0.416667,
        "favorite": false
    }
}