{
    "code": "200",
    "data": {
        "id": 135,
        "name": "分块查找",
        "content": "<p style=\"font-size:16px;\">\n\t<span style=\"line-height:1.5;\"><strong>1. 概念描述</strong></span> \n</p>\n<p style=\"font-size:16px;\">\n\t<span style=\"line-height:1.5;\"><span style=\"color:#E53333;\">分块查找又称为索引顺序查找</span>，其数据结构可以简单描述为：分块查找把线性表分成若干块，<span style=\"color:#E53333;\">每一块中元素的存储顺序是任意的，但是块与块之间必须按照关键字大小有序排列</span>，即前一块中的最大关键字要小于后一块中的最小关键字。对顺序表进行分块查找需要额外建立一个索引表，表中的每一项对应线性表中的一块。</span><span style=\"line-height:1.5;\">索引表的定义如下：</span> \n</p>\n<p style=\"font-size:16px;\">\n\t<img src=\"http://yuntiexamitempig.oss-cn-qingdao.aliyuncs.com/7B6353AA0580E0C833864C13ECA0965F.png\" width=\"356\" height=\"77\" alt=\"\" title=\"\" align=\"\" /> \n</p>\n<p style=\"font-size:16px;\">\n\t<span style=\"line-height:1.5;\"><strong>&nbsp;2. 算法描述</strong></span> \n</p>\n<p style=\"font-size:16px;\">\n\t<span style=\"line-height:1.5;\">分块查找算法非常简单，可以分为两步进行，<span style=\"color:#E53333;\">首先确定待查找的元素属于哪一块，然后在块内精确查找该元素</span>。由于索引表是递增有序的，因此第一步采用二分查找。块内元素一般个数较少，因此第二步采用顺序查找即可。</span> \n</p>\n<p style=\"font-size:16px;\">\n\t分块查找实际上进行<span style=\"color:#E53333;\"><strong><u>两次查找</u></strong></span>，<span style=\"color:#E53333;\">整个算法的平均查找长度是两次查找的平均查找的平均查找长度之和</span>，即二分查找平均查找长度+顺序查找平均查找长度。\n</p>\n<p style=\"font-size:16px;\">\n\t&nbsp; &nbsp; &nbsp; &nbsp;\n</p>",
        "channelId": 333,
        "courseId": 5,
        "examRate": 2,
        "videoPath": "http://kdtkvideo.ali.koudaitiku.com/jisuanjishujujiegou%2F69fenkuaichazhao.mp4",
        "score": 0.416667,
        "favorite": false
    }
}