{
    "code": "200",
    "data": {
        "id": 146,
        "name": "直接插入排序",
        "content": "<p style=\"font-size:16px;\">\n\t<span style=\"line-height:1.5;\">插入排序的工作机理与很多人打牌时，整理手中牌时的做法差不多。每次摸牌后将它插入到左手一把牌中的正确位置。为了找到这张牌的正确位置，要将它和手中的每一张牌从右到左进行比较。</span> \n</p>\n<p style=\"font-size:16px;\">\n\t<span style=\"line-height:1.5;\"><strong>算法描述：</strong>每趟将一个待排序的关键字，按照其关键字值的大小顺序查找到适当位置，完成插入，直到待排序的关键字为空。代码如下：</span> \n</p>\n<p style=\"font-size:16px;\">\n\t<img src=\"http://yuntiexamitempig.oss-cn-qingdao.aliyuncs.com/C128245F708560642ED13F460DF8388E.png\" width=\"356\" height=\"160\" alt=\"\" title=\"\" align=\"\" /><span style=\"line-height:1.5;\"></span> \n</p>\n<p style=\"font-size:16px;\">\n\t<span style=\"line-height:1.5;\"><strong>算法分析：</strong>直接插入排序的比较次数取决于原记录序列的有序程度。如果原始记录的关键字正好为递增顺序时，比较次数最少为n-1次；如果为递减顺序时，比较次数最多，为(n-1)(n+2)/2次，因此，直接插入排序的时间复杂度为O(n</span><sup>2</sup><span style=\"line-height:1.5;\">)。</span> \n</p>\n<p style=\"font-size:16px;\">\n\t<br />\n</p>",
        "channelId": 342,
        "courseId": 5,
        "examRate": 3,
        "videoPath": "http://kdtkvideo.ali.koudaitiku.com/jisuanjishujujiegou%2F54zhijiecharupaixu.mp4",
        "score": 0.625,
        "favorite": false
    }
}