{
    "code": "200",
    "data": {
        "id": 148,
        "name": "起泡排序",
        "content": "<p style=\"font-size:16px;\">\n\t<span style=\"line-height:1.5;\">将被排序的记录数组R[1..n]垂直排列，每个记录R[i]看作是重量为R[i].key的气泡。根据轻气泡不能在重气泡之下的原则，从下往上扫描数组R：凡扫描到违反本原则的轻气泡，就使其向上“飘浮”。如此反复进行，直到最后任何两个气泡都是轻者在上，重者在下为止。</span> \n</p>\n<p style=\"font-size:16px;\">\n\t<span style=\"line-height:1.5;\">&nbsp; &nbsp; &nbsp; 如下图所示。</span> \n</p>\n<p style=\"font-size:16px;\">\n\t<span style=\"line-height:1.5;\"><img width=\"200\" height=\"200\" style=\"width:355px;height:343px;\" alt=\"\" src=\"http://yuntiexamitempig.oss-cn-qingdao.aliyuncs.com/e671e1d1d184b3e9b8d2b7d9dacab253.peg?\" /><br />\n&nbsp;</span> \n</p>\n<p style=\"font-size:16px;\">\n\t<span style=\"line-height:1.5;\"><strong>解释如下：</strong>上图中的a和上图中的b分别是第一趟起泡和第二趟起泡的过程。白色和灰色的都是无序的起泡，灰色是当前向上浮动的气泡。黑色为已经有序的气泡。当向上浮动的起泡遇到比它重的气泡时，就跟大气泡交换位置。若遇到比它轻的气泡时，轻气泡就变成灰色气泡（向上浮动的气泡）。当某一轮起泡，都没有发生气泡交换位置的情况时，说明起泡排序结束。</span> \n</p>\n<p style=\"font-size:16px;\">\n\t<span style=\"line-height:1.5;\"><strong>代码如下：</strong></span><span style=\"line-height:1.5;\"></span> \n</p>\n<p style=\"font-size:16px;\">\n\t<img src=\"http://yuntiexamitempig.oss-cn-qingdao.aliyuncs.com/232C7FCF5B9C314B522DA40F90E151B7.png\" width=\"356\" height=\"255\" alt=\"\" title=\"\" align=\"\" /> \n</p>\n<p style=\"font-size:16px;\">\n\t<span style=\"line-height:1.5;\"><strong>算法分析：</strong>最好情况下的时间复杂度为</span><span style=\"line-height:1.5;\">O(n)</span><span style=\"line-height:1.5;\">，最坏情况下的时间复杂度为</span><span style=\"line-height:1.5;\">O(n<sup>2</sup>)</span><span style=\"line-height:1.5;\">。空间复杂度为</span><span style=\"line-height:1.5;\">O(1)</span><span style=\"line-height:1.5;\">。</span> \n</p>",
        "channelId": 343,
        "courseId": 5,
        "examRate": 3,
        "videoPath": "http://kdtkvideo.ali.koudaitiku.com/jisuanjishujujiegou%2F57qipaopaixu.mp4",
        "score": 0.625,
        "favorite": false
    }
}