{
    "code": "200",
    "data": {
        "id": 142,
        "name": "排序的基本概念",
        "content": "<span style=\"font-size:16px;line-height:24px;\">定义：所谓排序，即<span style=\"color:#E53333;\">将原来一个无序的序列重新排列成有序的序列</span>。注意这个序列中的每一项可能是单独的数据元素，也可能是一条记录（记录是由多个数据元素组成的，例如一个学生记录就是由学号、姓名、年龄、专业等数据元素组成的）。</span>",
        "channelId": 341,
        "courseId": 5,
        "examRate": 5,
        "videoPath": "http://kdtkvideo.ali.koudaitiku.com/jisuanjishujujiegou%2F51paixu.mp4",
        "score": 1.04167,
        "favorite": false
    }
}