{
    "code": "200",
    "data": {
        "id": 156,
        "name": "各种排序算法的比较",
        "content": "<p style=\"font-size:16px;\">\n\t<span style=\"line-height:1.5;\"><strong>1. 复杂度总结</strong></span><span style=\"line-height:1.5;\"></span> \n</p>\n<p style=\"font-size:16px;\">\n\t<img src=\"http://yuntiexamitempig.oss-cn-qingdao.aliyuncs.com/0DF3E739B360E9D3730BB2F37C5685AC.png\" width=\"356\" height=\"162\" alt=\"\" title=\"\" align=\"\" /> \n</p>\n<p style=\"font-size:16px;\">\n\t<span style=\"line-height:1.5;\"><strong>2. 稳定性</strong></span> \n</p>\n<p style=\"font-size:16px;\">\n\t<span style=\"line-height:1.5;\">不稳定的排序方法有：快速排序、希尔排序、简单选择排序、堆排序。</span><span style=\"line-height:1.5;\">其余排序方法都是稳定的。</span> \n</p>\n<p style=\"font-size:16px;\">\n\t<span style=\"line-height:1.5;\"><strong>3. 一趟排序确定一个元素位置的排序方法</strong></span> \n</p>\n<p style=\"font-size:16px;\">\n\t<span style=\"line-height:1.5;\">凡是每趟产生的有序区为全局有序区的排序方法，则每一趟排序结束时都至少能够确定一个元素的最终位置，这样的排序方法有简单选择排序、堆排序和快速排序。快速排序尽管不是每趟都产生有序区，但它将基准元素放在最终位置上。</span> \n</p>\n<p style=\"font-size:16px;\">\n\t<span style=\"line-height:1.5;\"><strong>4. 元素比较次数与原始序列无关的排序方法</strong></span> \n</p>\n<p style=\"font-size:16px;\">\n\t<span style=\"line-height:1.5;\">简单选择排序和折半插入排序。</span> \n</p>",
        "channelId": 351,
        "courseId": 5,
        "examRate": 3,
        "videoPath": "http://kdtkvideo.ali.koudaitiku.com/jisuanjishujujiegou%2F64guibingpaixufa.mp4",
        "score": 0.625,
        "favorite": false
    }
}