{
    "code": "200",
    "data": {
        "id": 154,
        "name": "基数排序",
        "content": "<p style=\"font-size:16px;\">\n\t基数排序(Radix sort)是一种非比较型整数排序算法，其原理是<span style=\"color:#E53333;\">将整数按位数切割成不同的数字，然后按每个位数分别比较</span>。由于整数也可以表达字符串（比如名字或日期）和特定格式的浮点数，所以基数排序也不是只能使用于整数。\n</p>\n<p style=\"font-size:16px;\">\n\t将所有待比较数值（正整数）统一为同样的数位长度，数位较短的数前面补零。然后，从最低位开始，依次进行一次排序。这样从最低位排序一直到最高位排序完成以后，数列就变成一个有序序列。\n</p>\n<p style=\"font-size:16px;\">\n\t<img src=\"http://yuntiexamitempig.oss-cn-qingdao.aliyuncs.com/A5BBC1816F49FFEDC5AFA6AC3CA4666D.png\" width=\"356\" height=\"170\" alt=\"\" title=\"\" align=\"\" /> \n</p>\n<p style=\"font-size:16px;\">\n\t<span style=\"line-height:1.5;\">关于这个算法，很重要的一点就是按位排序更稳定。否则排序会出错。</span> \n</p>\n<p style=\"font-size:16px;\">\n\t<span style=\"line-height:1.5;\"><strong>算法分析：</strong></span><span style=\"line-height:1.5;\">给定n个d位数，每一个数位可以取k种可能的值，如果所用的稳定排序需要O(n+k)的时间。则平均和最坏时间复杂度都为O(d(n+k))。空间复杂度为O(k)。</span><span style=\"line-height:1.5;\"></span> \n</p>",
        "channelId": 349,
        "courseId": 5,
        "examRate": 2,
        "videoPath": "http://kdtkvideo.ali.koudaitiku.com/jisuanjishujujiegou%2F62jishupaixu.mp4",
        "score": 0.416667,
        "favorite": false
    }
}