{
    "code": "200",
    "data": {
        "id": 150,
        "name": "希尔排序",
        "content": "<p style=\"font-size:16px;\">\n\t<span style=\"line-height:1.5;\">希尔排序是<span style=\"color:#E53333;\">对直接插入排序进行改进后提出来的，又称缩小增量排序</span>。其基本思想是：不断地把待排序的一组记录按间隔值分成若干小组，分别进行组内直接插入排序，这个规则就是增量。举例如下。</span><span style=\"line-height:1.5;\"></span> \n</p>\n<p style=\"font-size:16px;\">\n\t<img src=\"http://yuntiexamitempig.oss-cn-qingdao.aliyuncs.com/194B080AB7E87FA66145FF709D9D6B1B.png\" width=\"356\" height=\"221\" alt=\"\" title=\"\" align=\"\" /> \n</p>\n<p style=\"font-size:16px;\">\n\t<span style=\"line-height:1.5;\"><strong>算法分析：</strong></span><span style=\"line-height:1.5;\">希尔排序速度一般要比直接插入排序快。希尔排序的平均时间复杂度为O(nlog</span><sub>2</sub><span style=\"line-height:1.5;\">n)。希尔排序是</span><b>不稳定</b><span style=\"line-height:1.5;\">的排序方法（即相同值的元素，排序前后的顺序发生变化了）。</span> \n</p>",
        "channelId": 345,
        "courseId": 5,
        "examRate": 3,
        "videoPath": "http://kdtkvideo.ali.koudaitiku.com/jisuanjishujujiegou%2F56xuerpaixu.mp4",
        "score": 0.625,
        "favorite": false
    }
}