{
    "code": "200",
    "data": {
        "id": 275,
        "name": "检错编码和纠错编码",
        "content": "<h3>\n\t<b>&nbsp;</b><b>1</b><b>．检错编码</b> \n</h3>\n<p class=\"MsoNormal\" style=\"text-indent:18pt;font-size:16px;\">\n\t&nbsp; &nbsp; &nbsp;通过一定的编码和解码，能够在接收端解码时检查出传输的错误，但不能纠正错误。常见的检错编码有奇偶校验码和循环冗余码（CRC）。<i></i> \n</p>\n<p class=\"MsoNormal\" style=\"text-indent:18.05pt;font-size:16px;\">\n\t<b>&nbsp; &nbsp; &nbsp;1</b><b>）奇（偶）校验码。</b>添加一位校验码后，使得整个码字里面1的个数是奇（偶）数。接收端收到数据后就校验一下数据里1的个数，如果正好为奇（偶）数，则认为传输没有出错；如果检测到偶（奇）数个1，则说明传输过程中，数据发生了改变，要求重发。\n</p>\n<p class=\"MsoNormal\" style=\"text-indent:18.05pt;font-size:16px;\">\n\t<b>&nbsp; &nbsp; 注意：</b><u>当数据中有一位数据发生改变，通过奇偶校验能够检测出来，但并不知道是哪个位出错了；如果数据中同时有两位数发生了改变，此时奇偶校验是检测不到数据出错的，所以它的查错能力有限。</u><b></b> \n</p>\n<p style=\"font-size:16px;\">\n\t<b>&nbsp; &nbsp; &nbsp; &nbsp; &nbsp; &nbsp;2）循环冗余码。</b>循环冗余校验码是通过除法运算来建立有效信息位和校验位之间的约定关系。假定，待编码的有效信息以多项式M(x)表示，将它左移若干位后，用另一个约定的多项式G(x)去除，所产生的余数就是校验位。有效信息位与校验位相拼接就构成了CRC码，如图3-3所示。当接收方收到发来的CRC码后，仍用约定的多项式G(x)去除，若余数为0，表明该代码接收无误；若余数不为0，表明某一位出错，再进一步由余数值确定出错的位置，并予以纠正。\n</p>\n<p style=\"font-size:16px;\">\n\t<b>&nbsp;&nbsp;&nbsp;&nbsp;&nbsp;&nbsp;&nbsp; <img width=\"116\" height=\"116\" style=\"width:308px;height:116px;\" alt=\"\" src=\"http://yuntiexamitempig.oss-cn-qingdao.aliyuncs.com/edd5db9057ecf31dc1c9430401a1e6f1.peg?\" /></b>\n</p>\n<p style=\"font-size:16px;\">\n\t<b></b> \n</p>\n<p class=\"MsoNormal\" style=\"text-indent:18.05pt;font-size:16px;\">\n\t<b><b>2</b><b>．纠错编码</b><b></b></b> \n</p>\n<p class=\"MsoNormal\" style=\"text-indent:18pt;font-size:16px;\">\n\t<b>&nbsp; &nbsp; 就是在接收端不但能检查错误，而且能纠正检查出来的错误。常见的纠错编码是海明码。海明码又称为汉明码，它是在信息字段中插入若干位数据，用于监督码字里的哪一位数据发生了变化，<b>具有一位纠错能力</b>。</b> \n</p>\n<p class=\"MsoNormal\" style=\"text-indent:18.05pt;font-size:16px;\">\n\t<b><b>&nbsp; &nbsp;（</b><b>1</b><b>）海明码的编码过程</b><b></b></b> \n</p>\n<b><img width=\"200\" height=\"200\" style=\"width:563px;height:335px;\" alt=\"\" src=\"http://yuntiexamitempig.oss-cn-qingdao.aliyuncs.com/780c02e6761c557a1ad61d7a253175f6.peg?\" /><br />\n&nbsp;</b><span style=\"line-height:24px;font-size:16px;\"></span> <img width=\"200\" height=\"200\" style=\"width:646px;height:351px;\" alt=\"\" src=\"http://yuntiexamitempig.oss-cn-qingdao.aliyuncs.com/16c92a7deb65bc0148a582696847fdf0.peg?\" /><b><br />\n&nbsp;</b> \n<p style=\"font-size:16px;\">\n\t<b><img width=\"200\" height=\"200\" style=\"width:444px;height:200px;\" alt=\"\" src=\"http://yuntiexamitempig.oss-cn-qingdao.aliyuncs.com/2f68ce241ce2f12bf140b0ca12311061.peg?\" /></b>\n</p>\n<p style=\"font-size:16px;\">\n\t<b></b> \n</p>\n<p class=\"MsoNormal\" style=\"text-indent:18.05pt;font-size:16px;\">\n\t<b><b>&nbsp; （</b><b>2</b><b>）校验海明码的过程</b><b></b></b> \n</p>\n<b><br />\n</b><span style=\"line-height:24px;font-size:16px;\"></span> \n<p style=\"font-size:16px;\">\n\t<b><img width=\"200\" height=\"200\" style=\"width:590px;height:131px;\" alt=\"\" src=\"http://yuntiexamitempig.oss-cn-qingdao.aliyuncs.com/57a590df95bea387e841aa233c2946d6.peg?\" /></b>\n</p>",
        "channelId": 422,
        "courseId": 5,
        "favorite": false
    }
}