{
    "code": "200",
    "data": {
        "id": 3691,
        "name": "接口",
        "content": "接口又被称为服务访问点，从物理层开始，每一层都向上层提供服务访问点，即没有接口就不能提供服务。<br />\n<p>\n\t<span style=\"color:#E53333;\"><strong>五个不得不知的专业术语：</strong></span> \n</p>\n<p>\n\t1.&nbsp;<strong>服务数据单元（SDU）</strong> &nbsp;第n层的服务数据单元，记作n-SDU。\n</p>\n<p>\n\t2.&nbsp;<strong>协议控制信息（PCI）</strong> &nbsp; 第n层的协议控制信息，记作n-PCI。\n</p>\n<p>\n\t3.&nbsp;<strong>接口控制信息（ICI）</strong> &nbsp; 第n层的接口控制信息，记作n-ICI。\n</p>\n<p>\n\t4.&nbsp;<strong>协议数据单元（PDU）</strong> &nbsp;第n层的服务数据单元（SDU）+ 第n层的协议控制信息（PCI）= 第n层的协议数据单元，即n-SDU+n-PCI=n-PDU，表示的是同等层对等实体间传送的数据单元。另外，n-PDU=(n-1)-SDU。这个公式看完，后面的内容就会很清楚。例如，网络层的整个IP分组交到数据链路层，整个IP分组成为数据链路层的数据部分。\n</p>\n5.&nbsp;<strong>接口数据单元（IDU）</strong> &nbsp;第n层的服务数据单元（SDU）+ 第n层的接口控制信息（ICI）= 第n层的接口数据单元，即n-SDU+n-ICI=n-IDU，表示的是在相邻层接口间传送的数据单元。<br />",
        "channelId": 414,
        "courseId": 5,
        "examRate": 1,
        "videoPath": "http://kdtkvideo.ali.koudaitiku.com/wangluo08.mp4",
        "score": 0.120192,
        "favorite": false
    }
}